<?xml version="1.0" encoding="UTF-8"?>
<project-private xmlns="http://www.netbeans.org/ns/project-private/1">
    <editor-bookmarks xmlns="http://www.netbeans.org/ns/editor-bookmarks/2" lastBookmarkId="0"/>
    <open-files xmlns="http://www.netbeans.org/ns/projectui-open-files/2">
        <group>
            <file>file:/Users/isfaaghyth/NetBeansProjects/Heuristic%20Search/src/heuristic/search/HeuristicSearch.java</file>
            <file>file:/Users/isfaaghyth/NetBeansProjects/Heuristic%20Search/src/utils/Board.java</file>
            <file>file:/Users/isfaaghyth/NetBeansProjects/Heuristic%20Search/src/utils/Search.java</file>
        </group>
    </open-files>
</project-private>
